domain,revenue
www.dailymotion.com,86138.2007174
www.worldlifestyle.com,69015.3878449
www.leaguesecretary.com,34642.2261939
slader.com,32013.9583247
www.patheos.com,30570.7754582
webmaila.juno.com,30343.7122554
www.boston.com,29544.3959419
www.lifebuzz.com,28866.602595
footballscoop.com,26060.6266607
all-that-is-interesting.com,21577.4019879
www.afternoonspecial.com,20313.6343963
webmailb.juno.com,19466.8479277
webmailb.netzero.net,19136.6652133
living.alot.com,19086.2506004
allnight.com,17387.9644781
www.weekendcollective.com,14971.6449658
www.yourdailydish.com,14160.6373217
www.dunzo.net,12899.5311062
www.hrtwarming.com,12555.9788842
www.theamericanmirror.com,12430.5109131
www.soompi.com,12262.9171626
runt-of-the-web.com,11862.510676
www.popyard.com,11834.3162065
www.experienceproject.com,11537.3319931
www.landandfarm.com,11195.2368352
movieweb.com,11021.8035063
shareably.net,10776.4573756
viralvinny.com,10352.7228125
www.disneydining.com,9738.48313032
blindgossip.com,9732.13674107
blackgirllonghair.com,9530.27602532
www.technicpack.net,9489.9568705
thefrugalgirls.com,9361.73116311
countryoutfitter.life,9307.51020172
www.thebrofessional.net,9226.83026476
www.saturdaydownsouth.com,8937.43375949
www.lifehack.org,8684.54177844
www.hotslogs.com,8585.8435161
www.brainfall.com,8547.89745569
www.carolinahuddle.com,8425.58855533
atrl.net,7807.72074974
www.mocospace.com,7656.73258312
nerdist.com,7398.25884131
www.dcurbanmom.com,7237.58159473
www.dinarguru.com,6898.87874199
ffxiv.gamerescape.com,6749.52602911
triblive.com,6577.0072137
www.totallytarget.com,6538.96428621
guff.com,6444.4342708
bulbapedia.bulbagarden.net,6424.96404399
www.motherearthnews.com,6274.70128477
www.e-chords.com,6152.28071043
www.knittingparadise.com,6120.60598745
listenonrepeat.com,6018.69343427
www.tweakingtricks.com,6004.0775203
www.brainjet.com,5942.67927245
www.clipd.com,5911.67964348
www.wcax.com,5838.22588748
www.destinylfg.com,5832.01599745
www.urbantabloid.com,5793.06300927
www.1001fonts.com,5573.7197362
memes.com,5569.48811023
ark.gamepedia.com,5443.81534457
sportspyder.com,5326.91922713
sc-s.com,5177.38372768
www.disneyfanatic.com,5167.21219567
www.newsbarber.com,5093.32505398
www.news4jax.com,4994.6550179
www.diffen.com,4790.04852591
www.motherjones.com,4699.42069812
divascancook.com,4678.94888302
www.cuded.com,4614.60996993
www.irishsportsdaily.com,4486.83927402
jellyshare.com,4320.27735139
www.laughfactory.com,4290.50872601
www.dailyfailcenter.com,4266.41808303
daystyles.com,4160.36779243
forum.notebookreview.com,4096.09773456
griffinsguide.com,4052.05337326
www.fangraphs.com,4020.82697726
www.sportsplays.com,3990.41203414
www.dogsnow.com,3902.1542144
openstudy.com,3871.75643644
www.jaynestars.com,3860.05201421
www.carcomplaints.com,3811.92772227
www.oola.com,3745.85019021
www.ultracontest.com,3724.30559702
view.thespectrum.net,3689.67250031
www.geekfill.com,3658.02719909
www.101cookingfortwo.com,3630.07290175
sportschew.com,3621.91790883
mydotcomrade.com,3583.08015244
priuschat.com,3533.61485134
www.mangainn.me,3430.81620937
www.wdwinfo.com,3363.77646485
findagrave.com,3315.22660677
www.liketotally80s.com,3283.43940966
footyroom.com,3235.5808234
design.tutsplus.com,3204.96548734
thesportsdrop.com,3166.3234084
www.golfwrx.com,3148.26381922
powernationtv.com,3078.48604901
paleomg.com,3061.05505361
www.stylebistro.com,2972.6615417
www.thecrazytourist.com,2965.02821676
www.momswhothink.com,2882.78631559
www.pedigreedatabase.com,2828.06458774
www.zmescience.com,2817.36817893
degenerate.info,2806.04552272
www.jpost.com,2796.76127125
tweettunnel.com,2789.60129167
www.topdrawersoccer.com,2773.4023137
www.guitarplayer.com,2749.83416859
minecraftforum.net,2707.38946015
lolskill.net,2642.36354905
www.warcraftpets.com,2625.35164329
www.maangchi.com,2618.82194258
www.racedepartment.com,2560.45779046
www.inquirer.net,2556.8858777
www.topspeed.com,2515.65049956
sitepoint.com,2515.43546883
www.chipandco.com,2482.91595077
www.pythonforbeginners.com,2469.70879488
lolnexus.com,2432.14211142
www.decodethis.com,2410.97129248
sportshoop.la,2399.00090165
www.winprizesonline.com,2386.54858821
www.hemmings.com,2380.35265716
mail2web.com,2378.17358772
health.alot.com,2348.99651338
matadornetwork.com,2289.56371931
satwcomic.com,2243.55400949
portcanaveralwebcam.com,2235.33962792
www.azaleasdolls.com,2190.86512795
www.tvfoodmaps.com,2160.12109692
reactshare.com,2108.19217136
thehealthyfoodie.com,2041.54859647
in5d.com,2002.58025205
www.allpar.com,2000.69838886
obits.syracuse.com,1999.84831126
mingle2.com,1996.84329686
www.wrappedinrust.com,1996.42692339
quizdoo.com,1987.97756556
obits.nj.com,1951.4510312
allnurses.com,1948.77917561
visihow.com,1938.06339631
discovermagazine.com,1903.64831371
everydaylife.globalpost.com,1880.54315817
www.cafepharma.com,1874.90861907
www.ahaparenting.com,1865.25301754
forums.superiorpics.com,1862.72032807
www.abeautifulmess.com,1839.39801988
www.spriters-resource.com,1805.01674001
www.lowkickmma.com,1738.26212923
radiopaedia.org,1737.74471625
www.huskermax.com,1731.77324829
www.golsn.com,1720.66045359
overthecap.com,1708.54693378
grist.org,1700.65597204
www.carls-sims-4-guide.com,1685.19334203
www.copypastecharacter.com,1620.25718126
whatismyipaddress.com,1589.65309832
www.mapmyride.com,1558.97013651
housewifehowtos.com,1517.00191898
www.al.com,1482.60867092
techforluddites.com,1476.47250141
www.usedvictoria.com,1470.00578995
www.craftpassion.com,1461.87729144
www.minnesota-scores.net,1455.52524701
letthebakingbeginblog.com,1452.39766725
www.yummytummyaarthi.com,1451.46081443
www.phonevalidator.com,1425.40381967
www.cakewrecks.com,1424.91110576
www.thesamba.com,1394.57291113
thecozyapron.com,1377.38537377
www.tarot.com,1372.57797217
theinterrobang.com,1352.44840301
www.bulldawgillustrated.com,1349.9633541
www.uni-watch.com,1343.80708202
www.lawyersgunsmoneyblog.com,1334.18621644
www.supercheats.com,1329.87609259
obits.masslive.com,1329.82631054
www.factmonster.com,1310.22052637
www.neopets.com,1310.04969518
www.grubgrade.com,1307.16615178
homemadehooplah.com,1273.10130894
theamericanmirror.com,1256.41661813
askkissy.com,1248.60145348
www.fitstylelife.com,1247.67824173
my.monster.com,1207.08615414
nigeriaworld.com,1206.78636212
webmailab.netzero.net,1198.87634905
f1fanatic.co.uk,1192.56217159
insideevs.com,1185.45589264
www.theonlinecitizen.com,1179.16290505
thehockeynews.com,1172.82820111
investorshub.advfn.com,1166.49502361
www.livelovediy.com,1161.74214726
m.sparknotes.com,1161.46045762
eugeniekitchen.com,1151.26874227
www.deliciousobsessions.com,1128.20709995
www.artofmanliness.com,1124.42262633
www.zimbio.com,1121.89500457
www.commercecenter.org,1121.51603243
www.genealogy.com,1120.92976181
www.eliteprospects.com,1118.97315105
www.swimmingrank.com,1116.26894306
eatdrinkpaleo.com.au,1114.18290879
veetle.com,1107.16939503
gamingbolt.com,1105.43572354
mtgsalvation.com,1099.36681311
www.planetminecraft.com,1097.34319332
www.pickyourown.org,1090.0252934
www.pajiba.com,1084.58230274
www.jquerybyexample.net,1057.1741187
forthemommas.com,1052.81212844
www.glutenfreeandmore.com,1028.90460134
www.powerblocktv.com,1006.6434936
cakescottage.com,994.285555653
hoboken411.com,992.379191826
www.gonnawantseconds.com,989.097385623
newsinfo.inquirer.net,989.027947559
cookieandkate.com,985.817575613
www.wthr.com,985.534039148
www.benzinga.com,978.236437306
www.disneymovieslist.com,971.880931538
www.24hourcampfire.com,965.096363123
www.cdkitchen.com,957.935300751
walterfootball.com,922.54228405
www.tf2outpost.com,915.018169998
rawstory.com,912.106958182
www.familywatchdog.us,910.170013979
funnytweeter.com,905.539286524
syria.liveuamap.com,893.036708991
m.christianpost.com,890.154352655
www.avclub.com,888.098044515
www.eurweb.com,881.241286549
brainden.com,871.60663426
www.mycolombianrecipes.com,844.411588607
shopforyourcause.com,834.670103519
www.models-resource.com,831.44624674
sourcerev.com,830.092070715
kidsactivitiesblog.com,828.515181152
obits.nola.com,815.057253095
www.the-line-up.com,811.083226879
www.volunteermatch.org,808.839808453
gomerblog.com,799.954672804
www.therundown.tv,797.793000831
www.mickeytips.com,797.332576541
www.superhealthykids.com,775.946200772
aviewfrommyseat.com,775.64205068
www.familyfriendpoems.com,760.054749912
www.imaging-resource.com,751.863869084
www.moxyball.com,749.972034785
blog.dilbert.com,749.584932053
weedemandreap.com,741.313904084
www.wcnc.com,740.320327361
www.alexandracooks.com,736.535647914
www.spoilertv.com,730.743557191
pyz.am,706.268754987
www.wpsdlocal6.com,692.815765629
elderscrollsonline.wiki.fextralife.com,691.15652344
www.operationsports.com,690.334530921
www.pipandebby.com,690.243954867
itsthetie.com,688.994642312
www.kgw.com,686.901157447
www.gon.com,684.605617244
www.gunownersclub.com,682.813037796
www.sweetashoney.co,682.418963261
hahasforhoohas.com,682.202593145
www.fonts2u.com,668.483233401
www.ghettoredhot.com,663.900923548
andreadekker.com,660.268371406
www.sltrib.com,659.879125338
www.dcrainmaker.com,657.868184045
www.starcitygames.com,653.532153128
www.smartschoolhouse.com,652.227330282
yofreesamples.com,649.740347102
flights.webjet.com,641.049638787
www.popsci.com,638.484170456
247wallst.com,637.360579494
www.tweettunnel.com,632.465267707
www.lazymanandmoney.com,629.65773065
www.whatsgoodattraderjoes.com,627.961232327
www.ladysavings.com,616.813907785
gameslikefinder.com,613.489887266
worldsoccertalk.com,608.740560179
animatedknots.com,607.627867675
www.lake-link.com,603.882679352
www.ukathletics.com,602.994743898
www.gifbin.com,598.903808664
pinterestfail.com,597.073903703
todaysmama.com,591.502884434
www.timvandevall.com,587.390021988
www.abc10.com,587.056685464
www.newshounds.us,578.02797398
www.gamezone.com,575.954025378
filmschoolrejects.com,573.343993572
koalasplayground.com,572.833995941
prepvolleyball.com,572.765112059
www.kicksologists.com,564.350306211
littlespicejar.com,554.464259703
comicbookdb.com,554.2434933
petrolicious.com,552.500571711
www.wcsh6.com,543.318130935
nextluxury.com,529.195848531
www.fotor.com,526.566807257
www.snagajob.com,523.11581
www.backtothebay.net,522.365188139
dailydishrecipes.com,519.680099827
www.doorsixteen.com,518.247990008
fifteenspatulas.com,514.965556611
www.ftlauderdalewebcam.com,511.872284823
a-z-animals.com,506.968234678
hawkeyenation.com,506.079535831
www.ktvb.com,501.10837426
theviewfromgreatisland.com,497.954869706
www.wtsp.com,492.788112618
worldconnect.rootsweb.ancestry.com,488.287537417
coachingsearch.com,479.484421395
www.mydogsname.com,479.407774618
bunsinmyoven.com,473.468008457
www.themoviespoiler.com,471.0805864
www.blackcelebkids.com,471.048041394
feed.meetme.com,467.929048549
www.gpf-comics.com,467.103202906
www.forums.gopherhole.com,465.278890289
www.generalhospitalhappenings.com,462.079066365
www.washingtonmonthly.com,461.950240343
www.newsnet5.com,457.233508297
comicbook.com,454.953727525
allpoetry.com,449.842996175
www.thehandmadehome.net,448.688049983
digital.olivesoftware.com,448.607874292
artprojectsforkids.org,447.642246272
notedlist.com,446.684106749
m.dreammoods.com,441.523793876
spaceshipsandlaserbeams.com,440.81061036
www.stadiumjourney.com,440.08304535
www.epicfail.com,435.182323368
sportsmole.co.uk,430.605849292
www.woodworkersworkshop.com,424.655058429
www.portmiamiwebcam.com,423.178856141
www.unmotivating.com,421.372411882
www.virginiamn.com,417.482707295
forums.theganggreen.com,415.283649992
poorrichardsnews.com,407.777068639
www.mapaplan.com,404.099331285
www.techeblog.com,403.856181136
www.thebrewerandthebaker.com,399.770598118
cafedelites.com,399.567903133
www.blacklistednews.com,399.146338954
parenthood.topix.com,396.548579433
www.morningticker.com,391.492104938
www.car-seat.org,391.132737187
thedigitalbits.com,387.660582184
mtgsalvation.gamepedia.com,385.617159491
fromvalerieskitchen.com,384.74358063
justinweather.com,384.553654828
www.animationsource.org,383.451003329
blackbeat.topix.com,381.643891691
www.motorcycleclassics.com,380.069413418
www.pepperscale.com,374.558564637
www.jamhands.net,373.51944867
www.fieldandstream.com,371.120599314
healthwyze.org,368.386887823
dotafire.com,367.840199217
www.audioreview.com,367.446460083
www.realtytrac.com,364.674514447
eliteprospects.com,362.793723677
www.askandyaboutclothes.com,361.23507223
www.occonnect.com,359.110632199
www.comicbookdb.com,358.973405513
justimagine-ddoc.com,357.321794433
reductress.com,352.851174448
mykoreankitchen.com,347.503329254
wrestlinginc.com,344.848942714
www.roblox.com,341.794710685
kblog.lunchboxbunch.com,340.768155903
www.imfdb.org,340.732641971
www.tigerland.com,338.715310077
www.metalsucks.net,333.025548842
www.quotesforbros.com,330.467454332
chocolatechocolateandmore.com,330.375186567
wow.gamepedia.com,328.118040182
obits.oregonlive.com,327.538601511
www.happyschools.com,326.396687244
www.yosefscabin.com,323.660639141
www.webflyer.com,323.246122256
www.resume-resource.com,322.531703611
www.alleywatch.com,322.464197819
www.lolpix.com,321.59642722
www.thottbot.com,321.024852044
www.literallydarling.com,320.827916268
www.neogaf.com,320.407917678
www.tradingschools.org,318.380353167
www.kitchenkonfidence.com,318.320358755
thecrunchymoose.com,318.250861025
www.duplichecker.com,317.009941206
www.recipelion.com,316.158235836
www.futwiz.com,314.412952713
pulptastic.com,312.779590525
www.miseeharris.com,310.17083005
brickset.com,309.943340994
sosugary.com,306.299549993
portbermudawebcam.com,304.692897018
www.2016election.com,304.557925007
www.out.com,304.488874008
heroichollywood.com,304.190904537
fedandfit.com,303.550496053
conjugator.reverso.net,300.901569646
powerhungry.com,299.499028394
www.confessionsofacookbookqueen.com,298.42102986
www.bodyrock.tv,296.680277551
www.abowlfulloflemons.net,295.464831985
www.icanhazchat.com,292.668793246
www.momstimeout.com,289.038072724
www.whatmommydoes.com,288.305398914
livelifehappy.com,287.294589345
darkestdungeon.gamepedia.com,286.574849067
www.the-numbers.com,284.183818309
www.orlandosentinel.com,283.80631026
thewanderlustkitchen.com,283.648407659
www.jobsinme.com,283.411098359
bitecharge.com,281.053350402
www.ohmyrockness.com,278.189906105
rasmussenreports.com,278.10278304
thechive.com,273.51383826
www.thefrugalgirl.com,272.749021272
minnesota-scores.net,272.533110421
www.svherald.com,271.374026981
daysoftheyear.com,270.776887323
www.cookingwithk.net,268.060398584
www.candicomics.com,267.952130681
clientsfromhell.net,267.812812258
www.freedrama.net,267.222228888
www.easybabylife.com,267.071563124
www.wboy.com,266.53708934
untappedcities.com,266.121541611
www.gunnuts.net,265.749092954
investorwords.com,265.256855546
mynameisyeh.com,264.600136904
askmrrobot.com,264.286522507
www.cycleworld.com,263.72122152
www.leashesoptional.com,262.699417994
www.inspiremore.com,262.153047517
josidenise.com,261.931516585
www.familyfuncanada.com,260.650734635
erfworld.com,260.127533954
dailygarlic.com,259.648763863
www.amuse-your-bouche.com,259.610801838
www.hancinema.net,257.704647067
www.samplewords.com,256.962955431
boardofwisdom.com,255.782339355
www.chronicle-tribune.com,253.331460373
www.mtbr.com,253.314763059
www.fark.com,252.474859138
www.teapartycrusaders.com,250.42833019
www.amish365.com,250.369418536
texanerin.com,248.957160596
www.roadbikereview.com,244.945847461
www.bellyinc.com,244.765282606
www.ezschool.com,242.296164376
www.textsfromlastnight.net,242.20731179
cookingwithnonna.com,237.62913816
naturallyella.com,235.51638864
forums.nwp4life.com,235.191532661
sideline.topix.com,234.792455769
semi-rad.com,233.181857066
thefitchen.com,232.179626372
www.keyboardmag.com,230.681213202
www.taxidermy.net,229.436145749
www.pointstreak.com,228.700855907
thefutoncritic.com,228.456821036
crochetpatternbonanza.com,226.683003955
chocolateandzucchini.com,224.415859622
www.spacedaily.com,223.398617137
www.spaghettimodels.com,221.721397859
www3.usssa.com,221.689301128
activity-mom.com,220.941195629
completecolorado.com,220.500849856
dontwastethecrumbs.com,217.596665799
freewoodworkingplan.com,217.447578136
www.co-optimus.com,217.392672402
www.diyphotography.net,217.274031031
www.usednanaimo.com,216.374173837
www.sputnikmusic.com,214.846814492
www.duelinganalogs.com,213.46909917
www.curse.com,212.852243891
www.swaggrabber.com,211.086828283
ecosalon.com,210.922975915
pinchmysalt.com,210.335385024
www.forsalebyownerbuyersguide.com,207.737924602
www.bitrebels.com,207.032301229
consciouslyenlightened.com,206.426791663
www.abc15.com,205.647367984
www.yankodesign.com,204.821834224
www.wgrz.com,204.678805962
cn.nytimes.com,203.501794249
researchmaniacs.com,200.523751121
throughherlookingglass.com,199.420811593
scottstestads.blogspot.com,196.429211075
www.theendlessmeal.com,194.882944644
www.nicoclub.com,194.673562012
crafts.tutsplus.com,192.794816615
www.ohladycakes.com,192.494413914
www.cooksrecipes.com,191.128203046
www.yogiapproved.com,190.583635021
www.truedelta.com,189.332297168
organized31.com,187.393908524
hiphopsince1987.com,187.202837559
thefrugalchicken.com,186.39528505
www.badgerandblade.com,181.090908353
runningtothekitchen.com,179.945706182
www.loomlove.com,179.611659244
canucksarmy.com,179.536089973
www.umhoops.com,176.111546576
www.spacewar.com,175.687369205
inmyownstyle.com,175.518415785
www.mrdowling.com,172.96991436
dinnersdishesanddesserts.com,172.648530841
bladeandsoul.gamepedia.com,171.709351323
www.epbot.com,170.638982626
www.escapegames24.com,170.262032704
www.mamasmiles.com,169.817084819
www.firsttracksonline.com,167.698941042
www.bunicomic.com,167.424878292
theelliotthomestead.com,166.910750279
www.ericasweettooth.com,166.189475758
www.sugarscape.com,165.962902283
heartbeetkitchen.com,164.209351029
naturalchow.com,163.657066855
www.portalcharacters.com,163.33469829
cupertinotimes.com,161.924959264
www.tvparty.com,159.90500526
foster2forever.com,158.909515377
wigflip.com,158.708964263
www.71toes.com,158.637479842
bsinthekitchen.com,157.484592066
carsort.com,157.205728807
dinneratthezoo.com,156.917777329
www.usedwalsall.co.uk,156.830335031
comfortablefood.com,155.791835167
www.mygourmetconnection.com,155.641821269
class.butlereagle.com,154.917319411
www.allnigerianrecipes.com,153.561643208
abeautifulmess.com,153.308213707
anitalianinmykitchen.com,152.317701952
www.dvdverdict.com,151.382380011
usports.org,148.642583237
www.pressherald.com,148.302789211
sussle.org,147.614933208
www.debbieschlussel.com,147.396088934
www.kimscravings.com,145.66574246
www.spachethespatula.com,144.614648638
sweeps4bloggers.com,143.736438822
theotaku.com,143.664175602
gabworthy.com,143.442184364
www.welltraveledmile.com,143.275526088
theeverylastdetail.com,142.835063089
www.turbulenceforecast.com,142.606583249
veganmiam.com,142.522666391
neverwinter.gamepedia.com,141.119355002
www.metalinjection.net,140.900738341
forgifs.com,140.534707255
www.epictimes.com,140.248279325
www.ohiogamefishing.com,140.090253153
www.nosweatshakespeare.com,140.039033399
amandascookin.com,139.745132993
dobberhockey.com,139.651878934
www.leoaffairs.com,137.202755376
www.dogvills.com,136.249492788
swellmagnet.com,136.092358258
www.farmcollector.com,135.476801804
www.dearblogger.org,135.18956981
www.fitnessviking.com,134.500259731
www.kalynskitchen.com,134.060164083
www.gardenbetty.com,133.980399759
www.collectorcarads.com,133.581679584
www.marriedtothesea.com,132.908866148
theviralmob.com,132.653177962
bikepedia.com,131.904469688
bmodish.com,131.831010034
www.gettysburgtimes.com,131.206388596
www.busybeekidsprintables.com,131.021241904
www.brighteyedbaker.com,130.756468839
specialoffercentral.blogspot.com,130.552855579
thediydreamer.com,130.105221932
www.indyweek.com,128.960437172
imaging-resource.com,128.600964406
www.amittenfullofsavings.com,128.134997472
kristineskitchenblog.com,127.782659729
www.tribemagazine.com,126.651146959
thekitchenismyplayground.com,126.590548349
www.joyfullythriving.com,126.266208067
www.queness.com,125.341094065
lemon-sugar.com,124.510765223
www.myplaycity.com,123.665336547
www.irishamericanmom.com,123.122712699
www.midcenturymenu.com,122.813314279
hostthetoast.com,122.488038822
www.theotaku.com,122.433909241
mylifecookbook.com,122.097950823
boxroundup.com,121.546141843
thinksimplenow.com,121.111751404
www.tivocommunity.com,120.537219741
www.craigdailypress.com,120.131486663
www.survivingthestores.com,119.882620664
www.theshoppersapprentice.com,119.383026353
thecommittedindian.com,118.778269272
twitter.whotalking.com,118.655306698
www.countrycallingcodes.com,116.764783478
www.betterhensandgardens.com,116.754969167
www.sweettoothsweetlife.com,116.427565794
smallnotebook.org,116.120879734
amomstake.com,115.623912801
www.bellazon.com,114.927479606
www.doctortipster.com,114.540902464
www.wrestlingforum.com,113.609209367
www.awkwardzombie.com,113.146726698
www.blueridgebabe.com,113.054688148
www.montrosepress.com,112.314411806
superbestfriendsplay.com,111.196110871
forums.realgm.com,111.008838566
www.theglobaldispatch.com,110.80427427
carriebradshawlied.com,110.590983399
snafu-comics.com,110.57301717
becomeacouponqueen.com,109.327278868
www.leaguelineup.com,109.29998167
thriftdiving.com,109.249305187
www.mediaminer.org,108.965812337
www.andersonandgrant.com,108.434352817
www.byroncrawford.com,108.05418686
myfloridahomesmls.com,106.402639616
wheelscene.com,106.358996817
forums.mmorpg.com,106.191963559
boards.rootsweb.com,105.758640006
hiiraan.com,105.655063267
frequentmiler.boardingarea.com,104.197031627
www.bemytravelmuse.com,104.003084385
veggieinspiredjourney.com,103.882462722
lolgifs.net,103.281367034
ssd.userbenchmark.com,102.754429995
profilerehab.com,102.258895421
digitalbits.com,102.176073432
www.usedwolverhampton.co.uk,101.306096709
herbsandoilshub.com,100.864473616
lenshero.com,100.259815543
popwebnews.com,99.9235597409
www.designeatrepeat.com,99.6612993565
menus.urbantastebud.com,99.5347884343
www.tnawrestlingnews.com,99.0962707054
www.justputzing.com,98.602052241
www.shitmykidsruined.com,98.3363931593
www.ballstothewallsknits.com,98.0082481298
www.dailyinfographic.com,97.3046467978
www.mommieswithcents.com,97.2879023561
www.powerstroke.org,96.6329185803
www.mahobeachcam.com,96.6034484737
www.tortoiseforum.org,96.5460466387
www.artisanbreadinfive.com,96.2113960899
hybridrastamama.com,95.8013690989
danzadefogones.com,94.3392867626
www.kxxv.com,93.7803300679
www.tastefullyoffensive.com,93.7256438588
healthynibblesandbits.com,93.5407482081
divinityoriginalsin.wiki.fextralife.com,93.0997121552
www.thefirearmsforum.com,92.9782197591
www.k12mathworksheets.com,92.8717941192
mobile.reverso.net,92.6272391797
www.chinatopix.com,92.5144984618
7daystodie.gamepedia.com,92.4181500976
blog.wdwinfo.com,92.3250313084
www.allfreeslowcookerrecipes.com,90.9130589691
www.dailysuperhero.com,90.8300165312
theescapists.gamepedia.com,90.2575690199
www.nbcrightnow.com,89.1109152848
www.geeksaresexy.net,88.6229639291
www.nopatternrequired.com,87.6567646793
pullingcurls.com,87.3718680108
m.snagajob.com,86.4688120157
www.instantfundas.com,86.3621957618
lickthebowlgood.blogspot.com,86.3526820154
d3hoops.com,86.1006271824
www.outsidethebeltway.com,86.0773797897
www.pbnation.com,85.8762934117
oneashhomestead.com,85.7484837586
jellytoastblog.com,85.5819651246
lynncinnamon.com,85.2800877489
thencomesfamily.com,85.1415833507
www.artandthekitchen.com,84.2514598691
www.hookingupsmart.com,84.1510312527
www.curiousnut.com,83.4561519707
www.gradeamathhelp.com,83.2498228397
www.personalitypathways.com,83.1321731241
lostlettermen.com,82.4624682879
spaceref.com,82.2438355167
fixthisbuildthat.com,82.1164360904
www.godvine.com,81.7820810263
ffxi.allakhazam.com,81.7812574798
activitiesforkids.com,81.4015779518
www.organicdeals.com,80.5686294979
www.retiredby40blog.com,80.4914934825
business.inquirer.net,80.0293468701
abeautifulplate.com,79.8264767732
www.voicesofwrestling.com,79.4211167651
mamasmiths.com,79.4174302102
theblondeabroad.com,79.0079566793
www.andreatooley.com,78.8013720276
thebeeroness.com,78.0360274807
tigerland.com,77.9531871613
minecraft-ja.gamepedia.com,77.9527484782
www.chefdehome.com,77.9391783589
www.recipeboy.com,77.9021093356
www.chestertontribune.com,76.9671020044
thetimes-tribune.com,76.7943886307
db.planetdestiny.com,76.3234106402
megagames.com,76.1402770821
nielsg.com,76.0091309117
myculturedpalate.com,76.0020267107
rickysays.com,75.9849082224
elephantasticvegan.com,75.826354469
metsminors.net,75.5446202646
www.siliconera.com,75.4337491296
www.simplyorganized.me,74.6807882556
lolpro.com,73.9340334331
web.tampabay.com,73.7978850407
wizbangblog.com,73.7131201071
easttennesseemugshots.com,73.408071827
www.grabandgorecipes.com,73.3602565626
www.comicscontinuum.com,73.0639800728
yummyaddiction.com,72.8326889506
www.wkyt.com,72.7282423875
skyscraperpage.com,72.6676304772
www.thebrunswicknews.com,72.2318128845
diyforlife.com,72.2288973909
www.westeros.org,72.1580618314
games.allmyfaves.com,71.6997564528
nerdapproved.com,71.4482654025
chocolatemoosey.com,71.1814877331
www.thebakerchick.com,71.1723320154
www.oxygenmag.com,71.1637549174
www.willcookforfriends.com,71.0697404686
www.veggiebelly.com,70.9757228929
www.get-digital-help.com,70.7341349839
www.cestchristine.com,70.6590629297
obits.dallasnews.com,70.0728245852
www.mymmanews.com,69.8802686218
www.wordfind.com,69.8158145835
www.kgun9.com,69.7188746776
camelot.allakhazam.com,69.2779978473
www.mrfood.com,69.1987231371
celebs.answers.com,69.0086131449
wondermomwannabe.com,68.9354728007
thedailypositive.com,68.9108168178
www.smartsavvyliving.com,68.8437176982
brooklynheightsblog.com,68.7499334696
www.recipebyphotos.com,68.6263318164
www.howtoshopforfree.net,68.5148782816
thelatinahomemaker.com,68.3758340041
www.flourishphotog.com,68.0512182347
www.gurl.com,67.9275771992
www.hometreeatlas.com,67.905898807
shiftctrlart.com,66.9605183792
www.mygrandcanyonpark.com,66.7283085711
www.apinchofhealthy.com,66.2284145467
www.activediner.com,66.1475945989
squidboards.com,65.9753987861
brendid.com,65.4254004372
zh.cashbackmonitor.com,65.3705544187
www.oliviascuisine.com,65.2590263076
www.mapmywalk.com,65.2396865556
www.forkknifeswoon.com,65.2230348751
www.8notes.com,64.7080798073
obituaries.durangoherald.com,64.3146896189
www.scrapbookscrapbook.com,64.1951449774
savorynothings.com,63.7032354345
classifieds.mtbr.com,63.5037474024
runfargirl.com,63.3771785125
tabtimes.com,63.0589172201
m.edhdeportes.com,62.9860549126
yummyindiankitchen.com,62.0648436928
itsyummi.com,62.0545212
ipetcompanion.com,61.8088348941
goodinthesimple.com,61.4389945445
livinggreenmag.com,60.9425222337
csgo.gamebanana.com,60.9078701839
www.rsvlts.com,60.5605420709
www.learn-c.org,60.5448245305
www.cookingforengineers.com,60.5205877161
ohsweetday.com,60.4005686609
cooknourishbliss.com,60.2571343728
www.vernonmorningstar.com,60.0044646353
www.abubblylife.com,59.768452467
www.automationrepository.com,59.6867897081
evilavatar.com,59.6368915665
sixseeds.patheos.com,59.351894768
www.bonbonbreak.com,59.2316235029
www.raisinggenerationnourished.com,58.684244586
www.hearthandmade.co.uk,58.6604083001
fr.hairfinder.com,58.3444921245
www.greensnchocolate.com,58.2395091753
nauticalcottageblog.com,57.6634084552
www.reformationacres.com,57.6077119465
www.dailygarlic.com,57.5120950683
thefirstyearblog.com,57.3273454154
www.laurenslatest.com,57.3088039409
moviefanatic.com,56.8967623627
basketball.realgm.com,56.6180383659
progressillinois.com,56.577328528
gigisgoneshopping.com,56.4697943193
www.sonyalphaforum.com,55.8700696949
fathomaway.com,54.8930351112
www.scubadiving.com,54.8411370666
contests.covers.com,54.7168091087
milestomemories.boardingarea.com,54.3803177625
missinthekitchen.com,54.282424694
www.kurryleaves.net,54.1471000049
livingsweetmoments.com,53.7955380017
boulderlocavore.com,53.7384471406
thecountrycontessa.com,53.7307166936
www.celebwallpaper.org,53.6096894588
www.lolnexus.com,53.5061672938
www.twittascope.com,53.2934562369
www.yellmagazine.com,52.7473741011
rosebakes.com,52.6718569476
www.photographyreview.com,52.5243619345
cafefernando.com,52.4441623507
thecooperreview.com,52.0671605768
www.conservativedailynews.com,51.9844733882
wandeleur.com,51.1105244118
www.avatarsdb.com,50.8416506083
uniontestprep.com,50.6128131923
bulbanews.bulbagarden.net,50.5323044296
www.calculus-help.com,50.4338003326
www.motorcyclistonline.com,50.1894183871
wiiudaily.com,50.0535693556
www.californiagasprices.com,49.9639926564
www.geeksofdoom.com,49.7228220378
bakeeatrepeat.ca,48.4255673789
thediva-dish.com,48.318182372
www.wsaz.com,48.2912172119
www.mysrilankanrecipe.com,48.0127456309
minecraft-zh.gamepedia.com,47.8821914159
www.thatwasvegan.com,47.8397037699
businessformtemplate.com,47.2180356294
yummilyyours.com,46.8621590815
www.pentictonwesternnews.com,46.6458513373
gsminsider.com,46.4326866077
www.farmwifecooks.com,45.6529498818
live.kusports.com,45.3635630495
www.spoonfulofsugarfree.com,44.9034483279
www.langleytimes.com,44.8936051679
kneadtocook.com,44.8488216774
www.dupontregistry.com,44.6164978217
mixtapemonkey.com,44.4655973397
platingpixels.com,44.1850188346
www.fiterazzi.com,43.9305502863
oystersandpearls.net,43.9170692419
www.stillbeingmolly.com,43.8588740363
www.fox4now.com,43.6336810237
inasouthernkitchen.com,43.3125440652
www.kothiyavunu.com,43.2814643654
crimeblog.dallasnews.com,43.0035641959
dianawrote.com,42.1619672933
www.startbluelight.com,41.3560993076
wichitaonthecheap.com,41.022171683
www.lostandfounddecor.com,40.9580315143
ox-d.beforeitsnews.com,40.7343822902
cookingwithcakes.com,40.6753575112
theblueeyeddove.com,40.5767030767
www.dreammoods.com,40.3549209886
avirtualvegan.com,40.3492633073
environews.tv,40.1990597911
www.columbusgasprices.com,40.0580136438
www.mcgamer.net,39.6897166067
blog.powerblocktv.com,39.673556579
upload.datpiff.com,39.5185802536
www.myweeblytricks.com,39.4691982998
www.bikehugger.com,39.2299034084
www.casebook.org,39.06516798
www.tempe12.com,39.0429895525
www.babwnews.com,38.7100591908
www.sportsinmovies.com,38.2427105535
calgaryminorsoccer.com,38.2157974992
www.detroitgasprices.com,38.1794616368
deliciousbydre.com,38.119559434
stowandtellu.com,38.1118475851
bloggingblue.com,37.2589518293
dessertfirstgirl.com,37.0806793532
www.trade-it.co.uk,36.9566563448
travelskills.com,36.911258225
www.strawberricurls.com,36.7841982331
hbcuconnect.com,36.4388835667
thefrugalfoodiemama.com,36.3343367862
girlichef.com,35.5919172181
cookingontheweekends.com,35.5484512983
news.kovalovsky.com,35.4957484807
pwtorch.com,35.3625107896
www.strawberryswingandthings.com,35.3489181547
asthebunnyhops.com,35.2389446863
teachingmama.org,34.9836972768
seriouslyomg.com,34.9628328088
canyoufreeze.com,34.7410417439
www.keyc.com,34.3889711681
www.cooltoyreview.com,34.3200506341
yourcoolcityblog.com,34.3168677025
beingfrugalbychoice.com,34.1913608546
www.cookingactress.com,34.1824380574
www.kamus.net,33.9504979838
stickafork.net,33.8876229402
www.tbonesbaseball.com,33.7567210658
www.thisisbully.com,33.3192701576
homestead-honey.com,33.2502353904
prepperology.net,33.109867209
www.dvdizzy.com,33.0088657813
thatgirlcookshealthy.com,32.8768522705
northshoreclassifieds.com,32.7607529536
girlinthelittleredkitchen.com,32.6871701313
www.dailyhoroscope.com,32.6169988631
www.progressillinois.com,32.5661855937
ahomemadeliving.com,32.477129699
norcalcoupongal.com,32.0719209307
www.artfullywed.com,31.8893261544
www.homestoriesatoz.com,31.8239578123
www.leather-sofa.org,31.6575525031
www.minnesotagasprices.com,31.5830874996
fb-7.sfglobe.com,31.5184004151
t.steamboattoday.com,31.4383852013
vegetarianmamma.com,31.420905977
rangercentral.com,31.3448701768
craftstew.com,31.2591946102
blessherheartyall.com,31.2536074622
kitchen-tested.com,31.2497340396
www.whiskaffair.com,31.1960965617
ginaathome.com,31.1535674319
international.nytimes.com,30.9399795456
celebbabylaundry.com,30.8505563294
craftycoin.com,30.7379604228
verastic.com,30.653000892
couponkarma.com,30.629835581
upliftingstories.sfglobe.com,30.6141585743
www.griffindailynews.com,30.6020512728
blog.allmyfaves.com,30.518981719
magnoliadays.com,30.5182586828
community.adlandpro.com,30.4887308756
www.newschannel6now.com,30.2243640253
www.prosebeforehos.com,30.1520105528
homemaderecipes.com,30.0893805894
orwhateveryoudo.com,30.0521256795
blogs.mom365.com,30.0358121793
www.abc6.com,29.7937283579
www.lovingmynest.com,29.781918871
www.logyourrun.com,29.7285134911
thepensblog.com,29.6897969735
veganheaven.org,29.4423281162
www.dallasblack.com,29.390218949
carolinahuddle.com,29.332208442
carolinaplotthound.com,29.3168582457
www.frugalmindedmom.com,29.2061682088
www.simplifiedbee.com,29.1780002976
writedge.com,29.0478719026
www.innatthecrossroads.com,28.9005021662
redalertpolitics.com,28.8248784034
www.anymanga.com,28.8088239939
wiki.badgerandblade.com,28.805876365
www.1011now.com,28.689391917
www.hiiraan.ca,28.6579071711
wallpapers.free-review.net,28.6258270382
www.mykeepcalmandcarryon.com,28.2898219404
anniesnoms.com,28.0665055225
www.polarisatvforums.com,28.042347327
featured.quirlycues.com,27.9908805066
m.viralmoon.net,27.9579182999
www.house-crazy.com,27.8992707863
fr.fakenamegenerator.com,27.8974422977
www.gminsidenews.com,27.7658567382
www.momdoesreviews.com,27.5790282282
twopurplefigs.com,27.5579747505
englishlinx.com,27.5568462638
allshecooks.com,27.4346676846
loyaltytraveler.boardingarea.com,27.2224937004
ih.advfn.com,27.1927167668
streamdb2web.securenetsystems.net,27.0171447365
www.myrockymountainpark.com,26.8048403302
telugupeople.com,26.7878927529
www.bornrich.com,26.7035554367
fightstate.com,26.4582995939
justalittlebite.com,26.3574310218
www.theprogress.com,26.2889729486
www.chinasmack.com,26.2643523018
www.feastie.com,25.9621054573
dailyappetite.com,25.9492314199
www.mycraftilyeverafter.com,25.9389841794
www.sportshoop.la,25.8953647409
www.iheartsavingmoney.com,25.8689450713
paigespartyideas.com,25.3253236232
stargist.com,25.1836305728
homes.adlandpro.com,25.0996694421
www.deliciousasitlooks.com,25.0490335739
